Recommended name	Participants
CST_complex	P32797 P38960 Q07921
Replication_protein_A_complex	P22336 P26754 P26755
U1_small_nuclear_ribonucleoprotein_complex	P32605 P33203 P39682 P40018 P40204 P43321 P53207 P54999 Q00539 Q00916 Q02260 Q03776 Q03782 Q05900 Q06217 Q07508 Q12330 URS000012D749_559292
U6_small_nuclear_ribonucleoprotein_complex	P38203 P40070 P40089 P47093 P49960 P53905 P57743 Q06406 URS00006184A9_559292
U4/U6.U5_tri-small_nuclear_ribonucleoprotein_complex	P19735 P20053 P23394 P32639 P33334 P36048 P38203 P38282 P39990 P40018 P40070 P40089 P40204 P43321 P43589 P47093 P49704 P53905 P54999 P57743 Q00723 Q02260 Q03338 Q06217 Q06406 Q06819 Q12330 Q12368 Q12420 URS00001143F5_559292 URS0000514318_559292 URS000053F313_559292 URS00006184A9_559292
U2_small_nuclear_ribonucleoprotein_complex	P0C074 P19736 P32524 P40018 P40204 P40565 P40567 P43321 P46947 P49955 P53830 P54999 Q02260 Q02554 Q04693 Q06217 Q06835 Q07350 Q07930 Q08963 Q12330 Q99181 URS000023C730_559292
U5_small_nuclear_ribonucleoprotein_complex	P19735 P23394 P32639 P33334 P36048 P38852 P40018 P40204 P43321 P54999 Q02260 Q06217 Q06819 Q12330 URS0000514318_559292 URS000053F313_559292
U5_small_nuclear_ribonucleoprotein_complex,_AAR2_variant	P32357 P33334 P36048 P40018 P40204 P43321 P54999 Q02260 Q06217 Q12330 URS0000514318_559292 URS000053F313_559292
U4_small_nuclear_ribonucleoprotein_complex	P20053 P39990 P40018 P40204 P43321 P54999 Q02260 Q03338 Q06217 Q12330 URS00001143F5_559292
U4/U6_small_nuclear_ribonucleoprotein_complex	P20053 P38203 P39990 P40018 P40070 P40089 P40204 P43321 P47093 P49704 P53905 P54999 P57743 Q02260 Q03338 Q06217 Q06406 Q12330 URS00001143F5_559292 URS00006184A9_559292
Kelch-containing_Formin_Regulatory_Complex	P27637 P38853 P50090
Sm_complex	P40018 P40204 P43321 P54999 Q02260 Q06217 Q12330
LSM2-8_complex	P38203 P40070 P40089 P47093 P53905 P57743 Q06406
LSM1-7_complex	P38203 P40070 P40089 P47017 P53905 P57743 Q06406
LSM2-7_complex	P38203 P40070 P40089 P53905 P57743 Q06406
LSM1-7-PAT1_complex	P25644 P38203 P40070 P40089 P47017 P53905 P57743 Q06406
HIR_complex	P32479 P32480 P47171 Q01448
MICOS_mitochondrial_contact_site_and_cristae_organizing_system_complex	P36112 P38341 P43594 P50087 P50945 Q96VH5
Bub1-Bub3_complex	P26449 P41695
FZO1-MGM1-UGO1_complex	P32266 P38297 Q03327
Dehydrodolichyl_diphosphate_synthase_complex_variant_RER2	P35196 Q12063
Dehydrodolichyl_diphosphate_synthase_complex_variant_SRT1	Q03175 Q12063
Snf1_protein_kinase_complex_variant_GAL83	P06782 P12904 Q04739
Snf1_protein_kinase_complex_variant_SIP1	P06782 P12904 P32578
FAL1-SGD1_complex	Q06132 Q12099
CMG_helicase_complex	CPX-1641 CPX-2944 Q08032
GID_E3_ubiquitin_ligase_complex,_GID4_variant	P25569 P38263 P40208 P40492 P40547 P53076 Q12508
Mitochondrial_pyruvate_carrier,_fermentative_isoform	P38857 P53157
Mitochondrial_pyruvate_carrier,_respiratory_isoform	P53157 P53311
Endoplasmic_Reticulum_Membrane_Complex	P25574 P36039 P40540 P47133 P53073 Q12431
Glutathione_hydrolase_complex	P38149 P53871
VPS4_complex	P52917
CLB1-CDC28_kinase_complex	P00546 P24868
CLB3-CDC28_kinase_complex	P00546 P24870
CLB4-CDC28_kinase_complex	P00546 P24871
CLB6-CDC28_kinase_complex	P00546 P32943
CLN2-CDC28_kinase_complex	P00546 P20438 P20486
ATG2-ATG18_complex	P43601 P53855
CBP3-CBP6_complex	P07253 P21560
CFD1-NBP35_Fe-S_cluster_assembly_complex	CHEBI:49883 P40558 P52920
TAH18-DRE2_complex	CHEBI:49601 CHEBI:49883 CHEBI:57692 CHEBI:58210 P36152 Q12181
Phosphopantothenoylcysteine_decarboxylase_complex	P36024 P36076 Q08438
Coenzyme_A-synthesizing_protein_complex	P36076 P40506 P53332 Q03941
Atg17-Atg31-Atg29_complex	Q06410 Q12092 Q12421
Glutamyl-tRNA(Gln)_amidotransferase_complex	P33893 P53260 Q03557
Glucosidase_II_complex	P38138 Q04924
MTQ2-TRM112_eRF1_methyltransferase_complex	P53738 Q03920
ELG1-RFC_complex_	P38251 P38629 P40339 P40348 Q12050
Elongation_Factor_eEF1_complex,_variant_TEF4	P02994 P32471 P36008
PAN1_actin_cytoskeleton-regulatory_complex	P32521 P32790 P39013
Eukaryotic_translation_initiation_factor_2_complex	P09064 P20459 P32481
Eukaryotic_translation_initiation_factor_2B_complex	P09032 P12754 P14741 P32501 P32502
Eukaryotic_translation_initiation_factor_4F_complex,_variant_TIF4631	P07260 P10081 P39935
Eukaryotic_translation_initiation_factor_4F_complex,_variant_TIF4632	P07260 P10081 P39936
ERF1-ERF3_translation_release_factor_complex	CHEBI:37565 P05453 P12385
DOM34-HBS1_ribosome_dissociation_complex	CHEBI:15996 P32769 P33309
TOM40_mitochondrial_outer_membrane_translocase_core_complex	P23644 P33448 P49334 P53507 P80967
TOM40_mitochondrial_outer_membrane_translocase_holocomplex	P07213 P23644 P33448 P35180 P49334 P53507 P80967
Adaptor_complex_AP-1	P35181 P36000 Q00776 Q12028
Adaptor_complex_AP-1R	P35181 P36000 P38700 Q12028
Adapter_complex_AP-2	P27351 P38065 Q00381 Q99186
Adapter_complex_AP-3	P38153 P46682 P47064 Q08951
cAMP-dependent_protein_kinase_complex_variant_1	P06244 P07278
cAMP-dependent_protein_kinase_complex_variant_2	P06245 P07278
PCNA_homotrimer	P15873
DNA_replication_factor_C_complex	P38251 P38629 P38630 P40339 P40348
NDC80_complex	P33895 P40014 P40460 Q04477
6-phosphofructokinase_complex	P16861 P16862
Mitochondrial_isocitrate_dehydrogenase_complex_(NAD+)	CHEBI:60240 P28241 P28834
Mitochondrial_respiratory_chain_complex_II	CHEBI:16238 CHEBI:21137 CHEBI:30413 CHEBI:49601 CHEBI:49883 P21801 P33421 P37298 Q00711
Mitochondrial_respiratory_chain_complex_III	CHEBI:30413 CHEBI:49601 P00127 P00128 P00163 P07143 P07256 P07257 P08067 P08525 P22289 P37299
Chromatin_assembly_factor_1_complex	P13712 Q04199 Q12495
cAMP-dependent_protein_kinase_complex_variant_3	P05986 P07278
cAMP-dependent_protein_kinase_complex_variant_4	P06244 P06245 P07278
cAMP-dependent_protein_kinase_complex_variant_5	P05986 P06244 P07278
cAMP-dependent_protein_kinase_complex_variant_6	P05986 P06245 P07278
Ste12/Dig1/Dig2_transcription_regulation_complex	P13574 Q03063 Q03373
Tec1/Ste12/Dig1_transcription_regulation_complex	P13574 P18412 Q03063
Carbamoyl-phosphate_synthase_arginine-specific	P03965 P07258
mRNA_capping_enzyme_complex	O13297 Q01159
Casein_kinase_II_complex,_CKA1-CKA2_variant	P15790 P19454 P38930 P43639
Trehalose-6-phosphate_synthase/phosphatase_complex,_tps3_variant	P31688 P38426 Q00764
Trehalose-6-phosphate_synthase/phosphatase_complex,_tsl1_variant	P31688 P38427 Q00764
Calcineurin_complex_variant_1	CHEBI:29034 CHEBI:29105 P23287 P25296
Calcineurin_complex_variant_2	CHEBI:29034 CHEBI:29105 P14747 P25296
Nuclear/nucleolar_exosome_complex,_DIS3-RRP6_variant	CHEBI:18420 P25359 P38792 P46948 P48240 P53256 P53859 Q05636 Q08162 Q08285 Q12149 Q12277
Cytoplasmic_exosome_complex,_DIS3_variant	CHEBI:18420 P25359 P38792 P46948 P48240 P53256 P53859 Q05636 Q08162 Q08285 Q12277
Actin-related_protein_2/3_complex	P32381 P33204 P38328 P40518 P47117 P53731 Q05933
Signal_recognition_particle	P20424 P29478 P32342 P38687 P38688 P38985 URS00001CAAE9_559292
ISW1b_chromatin_remodeling_complex	P38144 Q04213 Q12072
ISW1a_chromatin_remodeling_complex	P38144 P43596
SAGA_complex	P06844 P25554 P32494 P32657 P35177 P38129 P38811 P38915 P50102 P50875 P53040 P53165 Q02336 Q03067 Q03330 Q03761 Q05027 Q12030 Q12060 Q6WNK7
Mating-type_MATalpha2-MATa1_complex	P0CY08 P0CY11
Mating-type_MATalpha2-MCM1_complex_	P0CY08 P11746
Mating-type_MATalpha1-MCM1_complex_	P0CY06 P11746
Adenylyl_cyclase_complex	P08678 P17555
ISW2_chromatin_remodeling_complex	P40366 P53125 Q04603 Q08773
Box_C/D_snoRNP_complex	CHEBI:133335 CHEBI:67040 P15646 P39990 Q12460 Q12499
ISW2_chromatin_remodeling_complex_variant_2	P53125 Q08773
Box_H/ACA_ribonucleoprotein_complex	CHEBI:133336 P28007 P32495 P33322 Q6Q547
Anaphase-Promoting_core_complex_	P09798 P14724 P16522 P38042 P40577 P53068 P53886 Q04601 Q08683 Q12107 Q12157 Q12379 Q12440
Anaphase-Promoting_Complex,_CDC20_variant	P09798 P14724 P16522 P26309 P38042 P40577 P53068 P53886 Q04601 Q08683 Q12107 Q12157 Q12379 Q12440
Anaphase-Promoting_Complex,_CDH1_variant	P09798 P14724 P16522 P38042 P40577 P53068 P53197 P53886 Q04601 Q08683 Q12107 Q12157 Q12379 Q12440
Anaphase-Promoting_complex_AMA1_variant	P09798 P14724 P16522 P38042 P40577 P50082 P53068 P53886 Q04601 Q08683 Q12107 Q12157 Q12379 Q12440
Nuclear_origin_recognition_complex	P32833 P38826 P50874 P54784 P54790 P54791
Casein_kinase_II_complex,_CKA1_variant	P15790 P38930 P43639
Casein_kinase_II_complex,_CKA2_variant	P19454 P38930 P43639
UTP-C_complex_variant_2	P15790 P25368 P38930 P43639 P53254
UTP-C_complex_variant_1	P15790 P19454 P25368 P38930 P43639 P53254
UTP-C_complex_variant_3	P19454 P25368 P38930 P43639 P53254
CURI_complex_variant_1	P15790 P19454 P25368 P38930 P39520 P43639 P53254
CURI_complex_variant_2	P15790 P25368 P38930 P39520 P43639 P53254
CURI_complex_variant_3	P19454 P25368 P38930 P39520 P43639 P53254
SAS_acetyltransferase_complex	P40963 Q04003 Q99314
TRM11-TRM112_tRNA_(m2G10)_methyltransferase_complex	P53738 Q12463
Elongator_holoenzyme_complex	P38874 P42935 Q02884 Q02908 Q04868 Q06706
Signal_recognition_particle_receptor_complex	CHEBI:15996 P32916 P36057
NatC_N-alpha-acetyltransferase_complex	P23059 Q02197 Q03503
NatB_N-alpha-acetyltransferase_complex	Q06504 Q12387
NatA_N-alpha-acetyltransferase_complex	P07347 P12945 Q08689
Palmitoyltransferase_ERF2/SHR5_complex	P41912 Q06551
RTG_transcription_factor_complex	P32607 P38165
INO80_chromatin_remodeling_complex	P32617 P35189 P40060 P40154 P43579 P53115 P53946 P60010 P80428 Q03435 Q03940 Q08561 Q12345 Q12386 Q12464
DBF4-dependent_CDC7_kinase_complex	P06243 P32325
FET3-FTR1_high_affinity_iron_permease_complex	CHEBI:23378 P38993 P40088
FET5-FTH1_high_affinity_iron_exporter_complex	CHEBI:23378 P38310 P43561
ESCRT-I_complex	P25604 P42939 Q02767 Q99176
SBF_transcription_complex	P09959 P25302
MBP_transcription_complex	P09959 P39678
GET_complex	CHEBI:29105 P40056 P53192 Q12154
Mitotic_spindle_assembly_checkpoint,_MAD1-MAD2_complex	P40957 P40958
Mitotic_checkpoint_complex,_CDC20-MAD2_subcomplex	P26309 P40958
Mitotic_checkpoint_complex,_MAD2-MAD3-BUB3-CDC20	P26309 P26449 P40958 P47074
GTPase-Activating_Protein_BFA1-BUB2_complex	P26448 P47113
CDC24-FAR1-Gbetagamma_complex	P11433 P18851 P18852 P21268
KEOPS_tRNA_N6-adenosine_threonylcarbamoyltransferase_complex	CHEBI:60240 P36132 P46984 P53323 Q03705 Q3E833
MET4-MET28-MET31_sulfur_metabolism_transcription_factor_complex	P32389 P40573 Q03081
MET4-MET28-MET32_sulfur_metabolism_transcription_factor_complex_	P32389 P40573 Q12041
CBF1-MET4-MET28_sulfur_metabolism_transcription_factor_complex_	P17106 P32389 P40573
DRS2-CDC50_P4-ATPase_complex	P25656 P39524
DNF1-LEM3_P4-ATPase_complex	P32660 P42838
DNF2-LEM3_P4-ATPase_complex	P42838 Q12675
DNF3-CRF1_P4-ATPase_complex	P53740 Q12674
NEO1-MON2-ARL1-DOP1_membrane_remodeling_complex	P38116 P40527 P48563 Q03921
DNA_mismatch_repair_MutSbeta_complex	P25336 P25847
DNA_mismatch_repair_MutSalpha_complex	P25847 Q03834
PIP2-OAF1_transcription_factor_complex	P39720 P52960
COMPASS_complex	P36104 P38123 P38337 P38827 P39706 P43132 Q03012 Q03323
SKI_complex	P17883 P35207 Q02793
DASH_complex	P35734 P36131 P36162 P53168 P53267 P69850 P69851 P69852 Q03954 Q12248
GAL3-GAL80_transcription_regulation_complex	CHEBI:28061 CHEBI:30617 P04387 P13045
GAL1-GAL80_transcription_regulation_complex	CHEBI:28061 CHEBI:30617 P04385 P04387
GAL4-GAL80_transcription_repressor_complex	CHEBI:15846 P04386 P04387
ERV41-ERV46_retrograde_receptor_complex	P39727 Q04651
BUD23-TRM112_methyltransferase_complex	P25627 P53738
TRM9-TRM112_methyltransferase_complex	P49957 P53738
Cleavage_and_polyadenylation_specificity_factor_complex	CHEBI:18420 CHEBI:29035 CHEBI:29105 P29468 P32598 P35728 P36104 P39927 P42073 P42841 P45976 P53538 Q01329 Q06102 Q06224 Q06632 Q08553 Q12102
Importin_complex,_KAP60-KAP95	Q02821 Q06142
RecQ_helicase-Topo_III_complex	P13099 P35187 Q02685
RNA_polymerase_I_upstream_activating_factor_complex	P02309 P38204 P53437 P61830 Q02983 Q08747
Ribonucleoside-diphosphate_reductase_variant_1	CHEBI:24875 P09938 P21524 P49723
Ribonucleoside-diphosphate_reductase_variant_2	CHEBI:24875 P09938 P21524 P21672 P49723
BUG1-GRH1_complex	Q04410 Q12191
HICS_complex	P40073 P53901 Q05080 Q07533
MOT1-TBP_transcription_regulation_complex	P13393 P32333
MEX67-MTR2_mRNA_nuclear_export_factor_complex	P34232 Q99257
General_transcription_factor_TFIIIB_complex	P13393 P29056 P46678
General_transcription_factor_TFIIF_complex	P35189 P41895 P41896
SWI/SNF_chromatin_remodelling_complex	P09547 P18480 P18888 P22082 P32591 P35189 P38956 P43554 P53330 P53628 Q05123 Q12406
N-acetylglutamate_synthase_NAGS/NAGK_complex	P40360 Q01217-PRO_0000002073
ARGR-MCM1_transcription_regulation_complex	P05085 P07249 P07250 P11746
BLOC-1_complex	P35727 P40003 P48232 P53158 Q06071 Q06333
CoQ_biosynthetic_complex	CHEBI:24875 CHEBI:57692 O13525 P27680 P41735 P49017 P53318 Q05779
Central_kinetochore_CTF19_complex	CPX-1187 P38265 P38907 P39731 P47167 Q06162 Q12262 Q12493 Q12748
CUL8-MMS1-MMS22-ESC4_E3_ubiquitin_ligase_complex	P38850 P47050 Q06164 Q06211 Q08273
Fatty-acyl-CoA_synthase	P07149 P19097
CUL8-MMS1-MMS22-CTF4_E3_ubiquitin_ligase_complex	P47050 Q01454 Q06164 Q06211 Q08273
CUL8-MMS1-ESC2_E3_ubiquitin_ligase_complex	P47050 Q06211 Q06340 Q08273
CUL8-MMS1-ORC5_E3_ubiquitin_ligase_complex	P47050 P50874 Q06211 Q08273
Cytoplasmic_dynein_complex	P36022 P40960 Q02647 Q04949
DCS1_decapping_scavenger_complex	Q06151
DCS1-DCS2_regulator_of_decapping_scavenger_complex	Q06151 Q12123
Kinetochore_MIS12_complex	P39731 P40568 P47149 Q12143
COMA_complex	P38313 P53298 Q02732 Q06675
DPB11-SLD3-SLD2_DNA_replication_complex	P34252 P47027 P53135
RAD26-DEF1_stalled_RNAPII_response_complex	P35732 P40352
TUL1_E3_ubiquitin_ligase_complex	P36096 Q08232 Q12015 Q12229
Global_genome_repair_CUL3-RAD7-RAD16-ELC1_ubiquitin_ligase_complex	P06779 P31244 P53202 Q03071
FAR_complex	P43592 P46671 P53917 Q03944 Q05040 Q06001
Gamma_tubulin_small_complex	CHEBI:15996 P38863 P53378 P53540
RAP1-GCR1_transcription_activation_complex	P07261 P11938
RAP1-GCR1-GCR2_transcription_activation_complex	P07261 P11938 Q01722
BNI4-GLC7_phosphatase_complex	CHEBI:29035 P32598 P53858
GAC1-GLC7_phosphatase_complex	CHEBI:29035 P28006 P32598
SDS22-GLC7_phosphatase_complex	CHEBI:29035 P32598 P36047
SDS22-GLC7-YPI1_phosphatase_complex	CHEBI:29035 P32598 P36047 P43587
REG1-GLC7_phosphatase_complex	CHEBI:29035 P32598 Q00816
REG2-GLC7_phosphatase_complex	CHEBI:29035 P32598 P38232
Glycine_decarboxylase_multienzyme_complex_	CHEBI:57692 P09624 P39726 P48015 P49095
Glycosylphosphatidylinositol-mannosyltransferase_II_complex	P38211 P53896
Glycosylphosphatidylinositol-mannosyltransferase_I_complex	P25580 P47088
Glycosylphosphatidylinositol-N-acetylglucosaminyltransferase_complex	P32363 P46961 P53306 P53961 P62651 Q04082
GPI-anchor_transamidase_complex	P38875 P39012 P41733 P49018 Q04080
HMC_complex	P02829 P0CE41 P10591 P10592 P15108 P25491 P25567
INO2-INO4_transcription_activation_complex_	P13902 P26798
LMA1_complex,_TRX1_variant	P0CT04 P22217
LMA1_complex,_TRX2_variant	P0CT04 P22803
Luminal_surveillance_complex	P16474 Q05787 Q99220
HTM1-PDI1_exomannosidase_complex	CHEBI:29108 P17967 P38888
MPS2-BBP1_spindle_pole_body_anchor_complex	P53159 Q12365
MEI5-SAE3_recombination_assembly_factor_complex	P32489 P89114
REC102-REC104_meiotic_recombination_initiation_complex_	P33323 Q02721
Mitochondrial_2-oxoglutarate_dehydrogenase_complex	CHEBI:57692 CHEBI:58937 CHEBI:83088 P09624 P19262 P19955 P20967
Mitochondrial_ribonuclease_P_complex	Q02773 URS00007E9EB6_559292
MKT1-PBP1_translation_regulation_complex	P40850 P53297
OPY2-MSB2_osmosensory_complex	P32334 Q06810
MST27-MST28_vesicle_formation_complex	P39552 P53176
MYO2-VAC17-VAC8_transport_complex	P19524 P25591 P39968
Nascent_polypeptide-associated_complex,_EGD1-EGD2_variant	P38879 Q02642
Nascent_polypeptide-associated_complex,_BTT1-EGD2_variant	P38879 P40314
bI4_intron_splicing_factor_complex	EBI-16420196 P03879 P11325
Nonsense-mediated_decay_complex	P30771 P38798 P48412
NRD1_snoRNA_termination_complex	P38996 P53617 Q00416
WHI2-PSR1_phosphatase_complex	P12611 Q07800
WHI2-PSR2_phosphatase_complex	P12611 Q07949
PSTB_lipid_transfer_acceptor_membrane_complex	P53037 P53844
Peptide:N-glycanase-Rad23_complex	CHEBI:29105 P32628 Q02890
RAD53-ASF1_complex	P22216 P32447
CDC48-RAD23-UFD2_complex	P25694 P32628 P54860
bI3_intron_splicing_factor_complex	EBI-16423101 P07266 Q9ZZW7
RAT1-RAI1_RNA_polymerase_II_termination_complex	P53063 Q02792
RTT109-VPS75_histone_acetyltransferase_complex	P53853 Q07794
RVS161-RVS167_amphiphysin_complex	P25343 P39743
Separase-Securin_complex	P40316 Q03018
SEC23-LST1_COPII_cargo_recruitment_complex	CHEBI:29105 P15303 P38810
SET3C_histone_deacetylase_complex	CHEBI:15846 CHEBI:29105 P14832 P25357 P36124 P38262 P40480 P53096 P53685
SLAC_complex	P32790 Q12446
RTT107-SLX4-SLX1_complex	P38324 P38850 Q12098
SLX4-RAD1-RAD10_endonuclease_complex	P06777 P06838 Q12098
SAW1-RAD1-RAD10_endonuclease_complex	P06777 P06838 P39735
SMC5-SMC6_SUMO_ligase_complex	P38632 P40026 P43124 Q03718 Q05541 Q07913 Q08204 Q12749
SNO1-SNZ1_pyridoxal_5'-phosphate_synthase_complex	Q03144 Q03148
SNO2-SNZ1_pyridoxal_5'-phosphate_synthase_complex	P53823 Q03148
SNT2C_histone_deacetylase_complex	P32561 P53127 Q03214
SNX4-ATG20_sorting_nexin_complex	P47057 Q07528
SNX4-SNX41_sorting_nexin_complex	P47057 Q04053
Mitochondrial_succinyl-CoA_synthetase_complex	CHEBI:18420 P53312 P53598
TAP42-RRD2-PPH21_phosphatase_complex	CHEBI:29035 P23594 Q04372 Q12461
NVJ1-VAC8_nucleus-vacuole_junction_complex	P38881 P39968
TAP42-RRD2-PPH22_phosphatase_complex	CHEBI:29035 P23595 Q04372 Q12461
TRAPPIII_protein_complex	P36149 P38334 P46944 Q03337 Q03630 Q03784 Q99394
SUM1-RFM1-HST1_histone_deacetylase_complex	CHEBI:29105 P46676 P53685 Q12192
Synapsis_initiation_complex	P17122 P40511 P53061 Q06032
Synaptonemal_complex	P14291 P20050 P31111 Q04110 Q06201
ECM11-GMC2_synaptonemal_assembly_activation_factor_complex	Q04110 Q06201
Nuclear_meiotic_cohesin_complex	P32908 P40541 P47037 Q12188
UTP-A_complex	P38882 P42945 P53276 Q02931 Q04177 Q04305 Q06679
UTP-B_complex	P25635 P40362 Q02354 Q05946 Q06078 Q12220
UBP3-BRE5_ubiquitin_hydrolase_complex	P53741 Q01477
VPS55-VPS68_sorting_complex	P47111 Q12016
UBA3-ULA1_E1_enzyme	Q12059 Q99344
IME1-UME6_transcription_activation_complex	P21190 P39001
BBP-MUD2_branchpoint-binding_complex_	P36084 Q12186
Spliceosomal_commitment_complex	CPX-1417 CPX-23 EBI-16716764 P21372
Spindle_pole_body_central_plaque_complex	P06787 P32380 P33419 P36094
Spindle_pole_body_intermediate_layer_2_complex	P36094 P53865
NOP8_60s_ribosome_pre-assembly_complex	P34241 P47108 P53734 Q05942 Q08287
TEL2-TTI1-TTI2_complex	P36097 P47168 P53038
COX1_pre-assembly_complex	P0CS90 P32335 P39103 Q3E7B2
Tubulin_alpha-beta_heterodimeric_complex,_TUB1_variant	CHEBI:15996 P02557 P09733
Tubulin_alpha-beta_heterodimeric_complex,_TUB3_variant	CHEBI:15996 P02557 P09734
Myosin_class_II_complex	P08964 P53141 Q06580
Myosin_class_I_complex,_MYO5_variant	P06787 Q04439
Myosin_class_I_complex,_MYO3_variant	P06787 P36006
Myosin_class_V_complex,_MYO4_variant	P06787 P32492 P53141
CMG-Pol_epsilon_complex	CPX-2110 CPX-297
40S_cytosolic_small_ribosomal_subunit	P05750 P05756 P05759 P25443 P26783 P38011 P38701 P48589 Q01855 URS00005F2C2D_559292 [O13516,P05755] [P02407,P14127] [P07280,P07281] [P0C0W1,Q3E7Y3] [P0CX30] [P0CX31,P0CX32] [P0CX33] [P0CX36,P0CX35] [P0CX38,P0CX37] [P0CX39,P0CX40] [P0CX47,P0CX48] [P0CX51,P0CX52] [P0CX55,P0CX56] [P23248,P33442] [P26786,P48164] [P32905,P46654] [P35997,P38711] [P39516,P06367] [P39938,P39939] [P41058,P41057] [Q08745,P46784] [Q3E754,P0C0V8] [Q3E792,P0C0T4] [Q3E7X9,P0C0X0]
60S_cytosolic_large_ribosomal_subunit	P02406 P04650 P05317 P05747 P14120 P14126 P26321 P38061 P41805 P49167 URS00001BF64E_559292 URS000055688D_559292 URS000061F377_559292 [O14455,P05745] [P02400,P05319] [P04449,P24000] [P05318,P10622] [P05737,Q12213] [P05738,P51401] [P05740,P46990] [P05743,P53221] [P05744,P41056] [P05748,P54780] [P0C0W9,Q3E757] [P0C2H6,P0C2H7] [P0C2H8,P0C2H9] [P0CH09] [P0CX23,P0CX24] [P0CX25] [P0CX27] [P0CX41,P0CX42] [P0CX43,P0CX44] [P0CX46,P0CX45] [P0CX50,P0CX49] [P0CX53,P0CX54] [P0CX82,P0CX83] [P0CX84,P0CX85] [P0CX86] [P10664,P49626] [P17076,P29453] [P26784,P26785] [P36105,P38754] [P49166,P51402] [P56628,P05749] [P87262,P40525] [Q02326,P05739] [Q02753,Q12672] [Q12690,P40212]
54S_mitochondrial_large_ribosomal_subunit	O14464 P12687 P14063 P19956 P20084 P22353 P22354 P23369 P25348 P25626 P25642 P31334 P32387 P32388 P32611 P32904 P35996 P36516 P36517 P36519 P36520 P36521 P36523 P36525 P36526 P36527 P36528 P36531 P36532 P36533 P36534 P38064 P40858 P51998 P53163 P53724 P53875 P53881 P53921 Q02204 Q04598 Q04599 Q06090 Q06630 Q06678 Q12487 URS00007F9EA9_559292
37S_mitochondrial_small_ribosomal_subunit	O75012 P02381 P10662 P10663 P12686 P17558 P21771 P27929 P28778 P28817 P32344 P32902 P33759 P38120 P38175 P38783 P40033 P40496 P42847 P47141 P47150 P53292 P53305 P53732 P53733 P53937 Q01163 Q02608 Q02950 Q03201 Q03246 Q03430 Q03799 Q03976 URS000060F99B_559292
RCL1-BMS1_40S_ribosomal_subunit_maturation_complex	CHEBI:15996 Q08096 Q08965
Nucleosome,_variant_HTA2-HTB2_	CHEBI:4705 P02294 P02309 P04912 P61830
Nucleosome,_variant_HTA2-HTB1_	CHEBI:4705 P02293 P02309 P04912 P61830
Nucleosome,_variant_HTA1-HTB1_	CHEBI:4705 P02293 P02309 P04911 P61830
Nucleosome,_variant_HTZ1-HTB1_	CHEBI:4705 P02293 P02309 P61830 Q12692
Nucleosome,_variant_HTZ1-HTB2	CHEBI:4705 P02294 P02309 P61830 Q12692
Clathrin_complex	P17891 P22137
Seipin_complex	P25587 Q06058
LAS1_RNA_processome_complex	CPX-1332 P36146 Q07845
CLA4-BEM1-CDC24_polarity_complex	P11433 P29366 P48562
MIH_complex	P53141 Q05080 Q12280
AIM21-TDA2_actin_assembly_regulator_complex	P40045 P40563
ATR-ATRIP_DNA_damage-sensing_kinase_complex	P38111 Q04377
SCF-Ydr131c_ubiquitin_ligase_complex	P14682 P52286 Q03899 Q08273 Q12018
Nuclear_pore_complex	P14907 P20676 P32499 P32500 P34077 P35729 P36161 P38181 P39685 P39705 P40064 P40066 P40368 P40457 P40477 P46673 P47054 P48837 P49686 P49687-PRO_0000019927 P49687-PRO_0000019928 P52593 P52891 P53011 Q02199 Q02455 Q02629 Q02630 Q02647 Q03790 Q04491 Q05166 Q12315 Q12445
alpha-1,6-mannosyltransferase_complex,_M-Pol_II_variant	P32629 P39107 P46985 P47124 P50108
ESCRT-0_complex	P38753 P40343
ESCRT-II_complex	P47142 Q06696 Q12483
ESCRT-III_complex	P36095 P36108 P39929 Q04272
HOPS_tethering_complex	P12868 P20795 P27801 P38959 Q03308 Q07468
CORVET_tethering_complex	P12868 P20795 P23643 P27801 P39702 Q03308
RAVE_complex	P47104 P52286 Q03956
RNA_decapping_complex,_DCP1-DCP2_	P53550 Q12517
TIM22_mitochondrial_inner_membrane_twin-pore_carrier_translocase_complex	O74700 P32830 P47045 P87108 Q08749 Q12328
Mitochondrial_processing_peptidase_complex	CHEBI:29105 P10507 P11914
tRNA_(adenine(58)-N(1))-methyltransferase_complex	P41814 P46959
tRNA_(guanine-N(7)-)-methyltransferase	Q03774 Q12009
Transcription_factor_TFIIA_complex	P32773 P32774
Protein_farnesyltransferase_complex	CHEBI:29105 P22007 P29703
Protein_geranylgeranyltransferase_type_I_complex	CHEBI:29105 P18898 P29703
Protein_geranylgeranyltransferase_type_II_complex	CHEBI:29105 P20133 P32864 Q00618
F-actin_capping_protein_complex	P13517 P28495
Oligosaccharyl_transferase_complex,_OST6_variant	P33767 P39007 P41543 P46964 Q02795 Q03723 Q92316 Q99380
Oligosaccharyl_transferase_complex,_OST3_variant	P33767 P39007 P41543 P46964 P48439 Q02795 Q92316 Q99380
Nucleotide_excision_repair_factor_2_complex	P14736 P32628
GINS_complex	P40359 Q03406 Q12146 Q12488
General_transcription_factor_complex_TFIID	P11747 P13393 P23255 P35189 P38129 P46677 P50105 P53040 Q03750 Q03761 Q04226 Q05021 Q05027 Q12030 Q12297
UDP-N-acetylglucosamine_transferase_complex	P38242 P53178
HOP2-MND1_recombination_assembly_factor_complex	P53102 P53187
Ste4-Ste18_heterodimer	P18851 P18852
G_protein_heterotrimer	P08539 P18851 P18852
SF3B_complex	P0C074 P49955 Q02554 Q04693 Q06835 Q99181
SF3A_complex	P19736 P32524 Q07350
RES_complex	P40565 P46947 Q07930
PRP19-associated_complex	P19736 P21374 P24384 P25337 P28004 P28320 P32523 P32524 P32639 P33334 P36048 P38241 P38302 P40018 P40565 P40567 P40968 P43321 P46947 P49955 P52868 P53277 P53333 P53769 P53854 P54999 Q02260 Q02521 Q02554 Q02770 Q02775 Q03375 Q03654 Q03772 Q04048 Q04693 Q06091 Q06217 Q07350 Q08963 Q12046 Q12309 Q12417
COPI_vesicle_coat_complex	P32074 P40509 P41810 P41811 P43621 P53600 P53622
Retromer_complex	P32913 P34110 P38759 P40335 Q92331
m-AAA_complex	CHEBI:29105 P39925 P40341
i-AAA_complex	CHEBI:29105 P25573 P32795 Q04472
General_transcription_factor_TFIIIC_complex	P32367 P33339 P34111 Q06339 Q12308 Q12415
Nuclear_cap-binding_complex	P34160 Q08920
General_transcription_factor_complex_TFIIE	P36100 P36145
General_transcription_factor_TFIIH_complex	P06242 P06839 P32776 P37366 Q00578 Q02939 Q03290 Q04673 Q08816 Q12004 Q3E7C1
General_transcription_factor_complex_TFIIK	P06242 P37366 Q03290
SPT4-SPT5_transcription_elongation_factor_complex	P27692 P32914
Negative_cofactor_2_transcriptional_regulator_complex	P40096 Q92317
CYC8-TUP1_corepressor_complex	P14922 P16649
DNA-directed_RNA_Polymerase_I_complex	CHEBI:18420 CHEBI:29105 P07703 P10964 P20434 P20435 P20436 P22138 P22139 P28000 P32529 P40422 P46669 P47006 P50106 Q01080
DNA_ligase_IV_complex	P53150 Q08387
MutLalpha_endonuclease_complex	P14242 P38920
MutLbeta_endonuclease_complex	P38920 Q07980
MLH1-MLH3_endonuclease_complex	P38920 Q12083
RENT_complex	P06700 P47035 Q00684
MUS81-MMS4_structure-specific_endonuclease_complex	CHEBI:18420 P38257 Q04149
Prefoldin_co-chaperone_complex	P40005 P46988 P48363 P52553 P53900 Q04493
alpha-1,6-mannosyltransferase_complex,_M-Pol_I_variant	P23642 P39107
Replication_fork_protection_complex	P53840 Q04659
MON1-CCZ1_guanyl-nucleotide_exchange_factor_complex	P38273 P53129
Septin_complex	P25342 P32457 P32458 P32468 Q07657
ATG1_protein_kinase_complex	P53104 Q06410 Q06628 Q12092 Q12421
Phosphatidylinositol_3-kinase_complex_II	P22219 P22543 Q02948 Q05919
TRAMP_complex_variant_4-1	P40507 P40985 P47047 P53632
TRAMP_complex_variant_4-2	P40985 P47047 P53632 Q12476
TRAMP_complex_variant_5-1	P40507 P47047 P48561
Monopolin_complex	P25651 P29295 P40065 Q04087
Histone_acetyltransferase_B	P39984 Q12341 Q12373
DBF2-MOB1_kinase_complex	P22204 P40484
CBK1-MOB2_kinase_complex	P43563 P53894
BUR1-BUR2_kinase_complex	P23293 Q05949
Thp1-Sac3_complex	P46674 Q08231
PHO80-PHO85_kinase_complex	P17157 P20052
PCL6-PHO85_kinase_complex	P17157 P40038
PCL7-PHO85_kinase_complex	P17157 P40186
PCL8-PHO85_kinase_complex	P17157 Q08966
PCL10-PHO85_kinase_complex	P17157 P53124
CLG1-PHO85_kinase_complex	P17157 P35190
PCL2-PHO85_kinase_complex	P17157 P25693
PCL1-PHO85_kinase_complex	P17157 P24867
PCL5-PHO85_kinase_complex	P17157 P38794
PCL9-PHO85_kinase_complex	P17157 Q12477
EMP24_complex	P32803 P39704 P54837 Q05359
CLN1-CDC28_kinase_complex	P00546 P20437 P20486
CLN3-CDC28_kinase_complex	P00546 P13365 P20486
CLB2-CDC28_kinase_complex	P00546 P24869
CLB5-CDC28_kinase_complex	P00546 P30283
Prohibitin_complex	P40961 P50085
MSH4-MSH5_complex	P40965 Q12175
BUD14-GLC7_phosphatase_complex	CHEBI:29035 P27637 P32598
acyl-CoA_ceramide_synthase_complex	P28496 P38703 Q03579
Ornithine_carbamoyltransferase_arginase_complex	CHEBI:29035 P00812 P05150
Nucleotide-excision_repair_factor_1_complex	P06777 P06838 P28519
Nucleotide_excision_repair_factor_4_complex	P06779 P14164 P31244
Carboxy-terminal_domain_protein_kinase_complex	P46962 P46963 Q03957
RIX1_complex	P38803 P38883 P53877
Gin4_serine/threonine_kinase_complex	P25293 P25342 P32457 P32458 P32468 P53890 Q07657 Q12263
TORC1_serine/threonine-protein_kinase_complex,_TOR1_variant	P35169 P38873 P41318 Q08921
TORC1_serine/threonine-protein_kinase_complex,_TOR2_variant	P32600 P38873 P41318 Q08921
TORC2_complex	P32600 P40061 P41318 P47041 Q04749 Q08236
GARP_tethering_complex	P36116 P39904 P47061 Q12071
Exomer_complex	P36122 P40955 Q05029 Q08754 Q12114
RNase_H2_complex	P53942 Q05635 Q12338
Mitochondrial_respiratory_chain_complex_IV,_COX5A_variant	CHEBI:23378 CHEBI:30413 P00401 P00410-PRO_0000006048 P00420 P00424-PRO_0000006097 P00427-PRO_0000006108 P04037-PRO_0000006114 P04039-PRO_0000006173 P07255-PRO_0000006076 P10174 P32799-PRO_0000006127 Q01519
Mitochondrial_respiratory_chain_complex_IV,_COX5B_variant	CHEBI:23378 CHEBI:30413 P00401 P00410-PRO_0000006048 P00420 P00425-PRO_0000006098 P00427-PRO_0000006108 P04037-PRO_0000006114 P04039-PRO_0000006173 P07255-PRO_0000006076 P10174 P32799-PRO_0000006127 Q01519
PAF1_complex	P38351 P38439 P53064 P89105 Q06697
Peroxisomal_ABC_transporter_complex_PXA1-PXA2	P34230 P41909
CTF18-RFC_complex	P25559 P38251 P38629 P38877 P40339 P40348 P49956
Ku70:Ku80_complex	P32807 Q04437
NOC1-NOC2_pre-ribosome_maturation_complex	P39744 Q12176
NOC2-NOC3_pre-ribosome_maturation_complex	P39744 Q07896
NOP14-NOC4_complex	Q06512 Q99207
Phenylalanyl-tRNA_synthetase_complex	P15624 P15625
Mannosyl_phosphorylinositol_ceramide_synthase_SUR1-CSG2	P33300 P35206
Mannosyl_phosphorylinositol_ceramide_synthase_CSH1-CSG2	P35206 P38287
Endonuclease_SceI	P0CS90 P12294
tRNA-specific_adenosine-34_deaminase_complex	P47058 Q9URQ3
Ribosome-associated_complex	P32527 P38788
Mitochondrial_sorting_and_assembly_machinery_complex	P14693 P50110 P53969
Dsl1_tethering_complex	P33891 P53847 Q12745
Nem1-Spo7_phosphatase_complex	P18410 P38757
TREX_complex	O13539 P17629 P33441 P53552 P53851 Q07478 Q12159
Mitochondrial_inner_membrane_peptidase_complex	P28627 P46972 Q05676
Endoplasmic_reticulum_snare_complex_UFE1-USE1-SEC20-SEC22	P22214 P28791 P41834 P53146
Endosomal_SNARE_complex_TLG2-VTI1-TLG1-SNC2	P33328 Q03322 Q04338 Q08144
Endosomal_SNARE_complex_TLG2-VTI1-TLG1-SNC1	P31109 Q03322 Q04338 Q08144
DBF20-MOB1_kinase_complex	P32328 P40484
Vacuolar_SNARE_complex_VAM3-VTI1-VAM7-YKT6	P32912 P36015 Q04338 Q12241
Vacuolar_SNARE_complex_VAM3-VTI1-VAM7-NYV1	P32912 Q04338 Q12241 Q12255
Endosomal_SNARE_complex_PEP12-VTI1-SYN8-YKT6	P31377 P32854 P36015 Q04338
Endosomal_SNARE_complex_PEP12-VTI1-TLG1-YKT6	P32854 P36015 Q03322 Q04338
Endosomal_SNARE_complex_PEP12-VTI1-TLG1-SNC1	P31109 P32854 Q03322 Q04338
Endosomal_SNARE_complex_PEP12-VTI1-SYN8-SNC1	P31109 P31377 P32854 Q04338
SPO16:ZIP2	P17122 P53061
ZZS_complex	P17122 P40511 P53061
Endosomal_SNARE_complex_PEP12-VTI1-SYN8-SNC2	P31377 P32854 P33328 Q04338
Endosomal_SNARE_complex_PEP12-VTI1-TLG1-SNC2	P32854 P33328 Q03322 Q04338
Vesicular_SNARE_complex_SSO1-SEC9-SNC1	P31109 P32867 P40357
Vesicular_SNARE_complex_SSO1-SEC9-SNC2	P32867 P33328 P40357
Vesicular_SNARE_complex_SSO1-SPO20-SNC1	P31109 P32867 Q04359
Vesicular_SNARE_complex_SSO2-SEC9-SNC2	P33328 P39926 P40357
Vesicular_SNARE_complex_SSO1-SPO20-SNC2	P32867 P33328 Q04359
Vesicular_SNARE_complex_SSO2-SEC9-SNC1	P31109 P39926 P40357
Vacuolar_SNARE_complex_SSO1-SEC9-NYV1	P32867 P40357 Q12255
CCR4-NOT_mRNA_deadenylase_complex	CHEBI:18420 P06100 P06102 P25655 P31384 P34909 P39008 P53280 P53829 Q12514
Dynactin_complex	P33420 P36224 P38696 Q04549 Q07887
Rad17-Mec3-Ddc1_checkpoint_clamp_complex	P48581 Q02574 Q08949
Rad17_RFC-like_complex	P32641 P38251 P38629 P40339 P40348
GCN1-GCN20_complex	P33892 P43535
MER2-MEI4-REC114_meiotic_recombination_initiation_complex	P21651 P29467 P32841
NuA3_histone_acetyltransferase_complex	CHEBI:29105 P34218 P35189 P47128 Q08465 Q12311
Sir2-3-4_silent_chromatin_complex	P06700 P06701 P11978
1,3-beta-D-glucan_synthase_complex,_FKS1-RHO1_variant	P06780 P38631
1,3-beta-D-glucan_synthase_complex,_FKS2-RHO1_variant	P06780 P40989
R2TP_co-chaperone_complex	P25638 P38768 Q03940 Q12464
TIM23_mitochondrial_inner_membrane_pre-sequence_translocase_complex,_sort_variant	P32897 P39515 P53220 Q02776 Q02889
TIM23_mitochondrial_inner_membrane_pre-sequence_translocase_complex,_motor_variant	P0CS90 P32897 P36147 P38523 P39515 P42949 Q01852 Q02776 Q07914
CCAAT-binding_factor_complex	P06774 P13434 P14064 Q02516
Eukaryotic_translation_initiation_factor_3_core_complex	P06103 P32497 P38249 P40217 Q04067
tRNA-intron_endonuclease_complex	P16658 P39707 Q02825 Q04675
SEC61_protein-conducting_channel_complex	P32915 P35179 P52870
SSH1_translocon_complex	P35179 P38353 P52871
Signal_peptidase_complex	P15367 P46965 Q04969 Q12133
RNA_polymerase_I_core_factor_complex	P32786 P40992 Q04712
CUL3-HRT1-ELC1-ELA1_ubiquitin_ligase_complex	P53202 P53861 Q03071 Q08273
a-agglutinin	P32323 P32781
COG_Golgi_transport_complex	P40094 P53079 P53195 P53271 P53951 P53959 Q04632 Q06096
Histone_H2A_phosphatase_complex	P32345 P38193 P40164
ATG12-ATG5_complex	P38316 Q12380
ATG12-ATG5-ATG16_complex	P38316 Q03818 Q12380
Anthranilate_synthase_complex	P00899 P00937
RPD3S_histone_deacetylase_complex	P22579 P32561 Q03010 Q04779 Q12432
RPD3L_histone_deacetylase_complex	P22579 P31385 P32561 P38255 P38429 P40505 P50947 Q03010 Q07458 Q08923
CKM_complex	P25648 P38931 P39073 P47821
Golgi_SNARE_complex_SED5-BOS1-BET1-SEC22	P22214 P22804 P25385 Q01590
Golgi_SNARE_complex_SED5-GOS1-SFT1-YKT6	P36015 P38736 P43682 Q01590
Serine/threonine-protein_phosphatase_PP2A_variant_1	CHEBI:29035 P23594 P31383 Q00362
Serine/threonine-protein_phosphatase_PP2A_variant_2	CHEBI:29035 P23594 P31383 P38903
Serine/threonine-protein_phosphatase_PP2A_variant_4	CHEBI:29035 P23595 P31383 P38903
Serine/threonine-protein_phosphatase_PP2A_variant_3	CHEBI:29035 P23595 P31383 Q00362
GET4-GET5_transmembrane_domain_recognition_complex	P31539 P38276 Q12118 Q12125 Q12285
PeBoW_complex	P53261 Q04660 Q12024
TAP42-RRD1-SIT4_phosphatase_complex	CHEBI:29035 P20604 P40454 Q04372
SIT4-SAP155_phosphatase_complex	CHEBI:29035 P20604 P43612
SIT4-SAP185_phosphatase_complex	CHEBI:29035 P20604 P40856
SIT4-SAP190_phosphatase_complex	CHEBI:29035 P20604 P36123
Nuclear_mitotic_cohesin_complex	P32908 P40541 P47037 Q12158
SCC2-SCC4_cohesin_loader_complex	P40090 Q04002
Nuclear_condensin_complex	P38170 P38989 Q06156 Q06680 Q12267
RQT_ribosome-associated_quality_control_trigger_complex	P36119 P53137 P53327
ADA_complex	P25554 P25649 P32494 Q02336 Q03330 Q12433
SLIK_(SAGA-like)_complex	P06844 P25554 P32494 P32657 P35177 P38129 P38811 P50102 P50875 P53040 P53165 Q02336 Q03067 Q03330 Q03761 Q05027 Q12030 Q12060 Q6WNK7
Mitochondrial_NIAUFX_iron-sulfur_cluster_assembly_complex	CHEBI:597326 P25374 P32463 Q03020 Q07540 Q12184 Q6Q560
BOL2-GRX3_iron-sulfur_cluster_assembly_complex	CHEBI:16856 CHEBI:33737 P53082 Q03835
BOL2-GRX4_iron-sulfur_cluster_assembly_complex	CHEBI:16856 CHEBI:33737 P32642 P53082
Vacuolar_proton_translocating_ATPase_complex,_Golgi_variant	P0C5R9 P16140 P17255 P22203 P23968 P25515 P31412 P32366 P32610 P32842 P37296 P39111 P41807 P48836 P53262 Q3E7B6
Vacuolar_proton_translocating_ATPase_complex,_vacuole_variant	P0C5R9 P16140 P17255 P22203 P23968 P25515 P31412 P32366 P32563 P32610 P32842 P39111 P41807 P48836 P53262 Q3E7B6
GRX4_iron-sulfur_cluster_assembly_homodimer_complex	CHEBI:16856 CHEBI:33737 P32642
GRX3_iron-sulfur_cluster_assembly_homodimer_complex	CHEBI:16856 CHEBI:33737 Q03835
BOL1-GRX5_iron-sulfur_cluster_assembly_complex	CHEBI:16856 CHEBI:33737 Q02784 Q3E793
BOL3-GRX5_iron-sulfur_cluster_assembly_complex	CHEBI:16856 CHEBI:33737 P39724 Q02784
GRX7_iron-sulfur_cluster_assembly_homodimer_complex	CHEBI:16856 CHEBI:33737 P38068
GRX5_iron-sulfur_cluster_assembly_homodimer_complex	CHEBI:16856 CHEBI:30408 Q02784
MRE11-RAD50-XRS2_meiotic_recombination_initiation_complex	P12753 P32829 P33301
Nucleolar_ribonuclease_P_complex	P28005 P38208 P38291 P38336 P38786 P40571 P41812 P53218 P53833 URS0000413C32_559292
TREX-2_transcription-export_complex	O94742 P06704 P46674 Q08231 Q6WNK7
Phosphatidylinositol_3-kinase_complex,_class_III,_type_I	P22219 P22543 P38270 Q02948 Q05789
HAP1_transcriptional_repressor_complex,_SSA1_variant	P0CE41 P10591 P25491 P25567
HAP1_transcriptional_repressor_complex,_SSA2_variant	P0CE41 P10592 P25491 P25567
HDA1_histone_deacetylase_complex	P53973 Q06623 Q06629
NineTeen_complex	P21374 P32523 P38302 P53277 Q03654 Q04048 Q06091 Q12309
Post-mRNA_release_spliceosomal_complex	P36118 P53131 Q06411
RSC_chromatin_remodelling_complex,_variant_RSC2	P25632 P32597 P32832 P38210 P38781 P43609 P53330 Q02206 Q03124 Q05123 Q06168 Q06488 Q06639 Q07979 Q12406 Q9URQ5
RSC_chromatin_remodelling_complex,_variant_RSC1	P25632 P32597 P32832 P38210 P38781 P43609 P53236 P53330 Q02206 Q03124 Q05123 Q06168 Q06639 Q07979 Q12406 Q9URQ5
Exocyst	P19658 P22224 P32844 P32855 P33332 P38261 P89102 Q06245
RPB4-RPB7_subcomplex	P20433 P34087
MPP10_complex	P32899 P47083 P53941
COP9_signalosome_complex	CHEBI:29105 P40512 P47130 Q03981 Q04368 Q12348 Q12468
mRNA_cleavage_factor_complex_CFIA	P25298 P25299 P39081 Q08685
mRNA_cleavage_factor_complex_CFI	P25298 P25299 P39081 Q08685 Q99383
DNA-directed_RNA_polymerase_II_complex	CHEBI:18420 CHEBI:29105 P04050 P08518 P16370 P20433 P20434 P20435 P20436 P22139 P27999 P34087 P38902 P40422
CBF3_complex	P32504 P35203 P40969 P52286
Spc105_complex	P53148 Q04431
Chromosomal_passenger_complex	CHEBI:29105 P38283 P38991 P47134 Q3E7Y6
Small_ribosomal_subunit_processome	CPX-1409 CPX-1410 CPX-1606 CPX-1735 CPX-1893 P15646 P25368 P25586 P33750 P34247 P35194 P36144 P38333 P39990 P40055 P40079 P40546 P48234 P53254 P53914 Q04217 Q04500 Q05022 Q05498 Q06287 Q06506 Q08492 Q12035 Q12136 Q12460 Q12499 Q99216 URS0000444F9B_559292
GID_E3_ubiquitin_ligase_complex,_GID10_variant	P25569 P40208 P40492 P40547 P53076 P53242 Q12508
GID_E3_ubiquitin_ligase_complex,_GID11_variant	P25569 P40208 P40492 P40547 P53076 Q12508 Q99296
CDC48-SHP1_AAA_ATPase_complex	P25694 P34223
PBA1-PBA2_proteasomal_chaperone_complex	P36040 Q05778
PBA3-PBA4_proteasomal_chaperone_complex	Q07951 Q12245
MECA_complex	Q00402 Q06820
DNA_polymerase_zeta_complex	CHEBI:49883 P14284 P38927 P46957 P47110
MIS_complex	P25583 P38236 P40167 P41833 P53185
Vacuolar_transporter_chaperone_complex,_VTC3_variant	P40046 P47075 Q02725
Vacuolar_transporter_chaperone_complex,_VTC2_variant	P40046 P43585 P47075
THO_complex	O13539 P17629 P33441 P53552 P53851
Peroxisomal_receptor_export_module_complex	P24004 P33760 Q08215
PEX2-PEX10-PEX12_ubiquitin_ligase_complex	P32800 Q04370 Q05568
Peroxisomal_PEX13-PEX14-PEX17_docking_complex	P40155 P53112 P80667
Peroxisomal_PEX7-PEX18_receptor_complex	P38855 P39108
Peroxisomal_PEX7-PEX21_receptor_complex	P39108 P50091
TRAPP_II_complex	P32613 P32893 P36149 P38334 Q03337 Q03630 Q03660 Q03784 Q04183 Q99394
TRAPPI_protein_complex	P36149 P38334 Q03337 Q03630 Q03784 Q99394
Methionyl_glutamyl_tRNA_synthetase_complex	CHEBI:29173 CHEBI:29175 P00958 P46655 P46672
DNA_polymerase_alpha:primase_complex	CHEBI:49883 P10363 P13382 P20457 P38121
DNA_polymerase_delta_complex	CHEBI:49883 P15436 P46957 P47110
DNA_polymerase_epsilon_complex	CHEBI:49883 P21951 P24482 P27344 Q04603
Telosome	EBI-8769060 P11938 P29539 Q06208
Swr1_chromatin_remodelling_complex	P31376 P35817 P38326 P53201 P53930 P60010 P80428 Q03388 Q03433 Q03940 Q05471 Q06707 Q12464 Q12509
Hpa2_acetyltransferase	CHEBI:15351 Q06592
SYP1_endocytic_adapter_complex	P25623
Ire1_serine/threonine-protein_kinase/endoribonuclease_complex	P32361
Phosphatidylinositol_transporter_complex	P53860
Chaperonin-containing_T-complex	CHEBI:15422 P12612 P39076 P39077 P39078 P39079 P40413 P42943 P47079
Myosin_class_V_complex,_MYO2_variant	P06787 P19524 P53141
26S_proteasome_complex	O13563 O94742 P21242 P21243 P22141 P23638 P23639 P23724 P25043 P25451 P30656 P30657 P32379 P32496 P32565 P33297 P33298 P33299 P38624 P38764 P38886 P40016 P40302 P40303 P40327 P43588 P53549 Q01939 Q04062 Q06103 Q08723 Q12250 Q12377
SOD1-CCS1_superoxide_dismutase_heterodimer	CHEBI:29036 CHEBI:29105 P00445 P40202
TIM9-TIM10_mitochondrial_intermembrane_space_protein_transporter_complex	O74700 P87108
CIA_targeting_complex	P38829 P40469 Q05583
TIM8-TIM13_mitochondrial_intermembrane_space_protein_transporter_complex	P53299 P57744
COPII_vesicle_coat_complex	CHEBI:15996 P15303 P20606 P38968 P40482 Q04491
Kinetochore_CCAN_complex	P35201 P38265 P38313 P38907 P43618 P47167 P53298 Q02732 Q06162 Q06675 Q12262 Q12493 Q12748 Q2V2P8 Q3E829 Q3E835
MMS2-UBC13_ubiquitin_ligase_complex	P52490 P53152
Nucleosome,_variant_HTA1-HTB2_	CHEBI:4705 P02294 P02309 P04911 P61830
2-(3-amino-3-carboxypropyl)histidine_synthase_complex	CHEBI:49883 P32461 P40487
DNA-directed_RNA_polymerase_III_complex	CHEBI:18420 CHEBI:29105 P04051 P07703 P17890 P20434 P20435 P20436 P22139 P22276 P25441 P28000 P32349 P32910 P35718 P36121 P40422 P47076 Q04307
Glycosylphosphatidylinsitol_ethanolamine-phosphate_transferase_II_complex	P40367 Q06636
Glycosylphosphatidylinsitol_ethanolamine-phosphate_transferase_III_complex	Q06636 Q07830
ISA1-ISA2-IBA57_mitochondrial_iron-sulfur_protein_assembly_complex	CHEBI:49883 P47158 Q07821 Q12425
Snf1_protein_kinase_complex_variant_SIP2_	P06782 P12904 P34164
GRX6_iron-sulfur_cluster_assembly_homodimer_complex	CHEBI:16856 CHEBI:33737 Q12438
Elongation_Factor_eEF1_complex,_variant_CAM1	P02994 P29547 P32471
Inositol_phosphorylceramide_synthase_complex	P36107 Q06346
Superoxide_dismutase_1_copper_chaperone	CHEBI:29036 P40202
[Cu-Zn]_Superoxide_dismutase_complex	CHEBI:29036 CHEBI:29105 P00445
RAD6-RAD18_ubiquitin_ligase_complex	P06104 P10862
BRE1-RAD6_ubiquitin_ligase_complex	P06104 Q07457
BRE1_E3_ubiquitin-protein_ligase_complex	Q07457
UBR1-RAD6_ubiquitin_ligase_complex	P06104 P19812
RSP5-BUL1_ubiquitin_ligase_complex	P39940 P48524
RSP5-BUL2_ubiquitin_ligase_complex	P39940 Q03758
RAD6-UBR2_ubiquitin_ligase_complex	P06104 Q07963
MUB1-RAD6-UBR2_ubiquitin_ligase_complex	P06104 Q03162 Q07963
MCM_complex	P24279 P29469 P29496 P30665 P38132 P53091
CDC48-NPL4-UFD1_AAA_ATPase_complex	P25694 P33755 P53044
CUE1-UBC7_ubiquitin-conjugating_enzyme_complex	P38428 Q02159
TIM9-TIM10-TIM12_mitochondrial_intermembrane_space_protein_transporter_complex	O74700 P32830 P87108
1,3-beta-D-glucan_synthase_complex,_FKS3-RHO1_variant	P06780 Q04952
Acetolactate_synthase_complex	CHEBI:16238 CHEBI:18420 CHEBI:9532 P07342 P25605
PMT1-PMT2_dolichyl-phosphate-mannose-protein_mannosyltransferase_complex	P31382 P33775
PMT1-PMT3_dolichyl-phosphate-mannose-protein_mannosyltransferase_complex	P33775 P47190
PMT5-PMT2_dolichyl-phosphate-mannose-protein_mannosyltransferase_complex	P31382 P52867
PMT4_dolichyl-phosphate-mannose-protein_mannosyltransferase_complex	P46971
PMT5-PMT3_dolichyl-phosphate-mannose-protein_mannosyltransferase_complex	P47190 P52867
Translocon_complex	P14906 P21825 P32915 P33754 P35179 P39742 P52870
SEC62-SEC63_complex	P14906 P21825 P33754 P39742
CDC48-NPL4-VMS1_AAA_ATPase_complex	P25694 P33755 Q04311
HRD1_E3_ubiquitin_ligase_complex	P38307 Q03714 Q04228 Q05787 Q08109 Q99220
Doa10_E3_ubiquitin_ligase_complex	P40318 Q04228
Ric1-Rgp1_guanyl-nucleotide_exchange_factor_complex	P16664 P40395
Shu_complex	P38751 P38957 P40465 Q12318
PAS_complex	P34756 P42837 P43601 P53950 Q06708
RAD55-RAD57_complex	P25301 P38953
Mitochondrial_DNA-directed_RNA_polymerase_complex	P13433 P14908
NuA4_histone_acetyltransferase_complex	CHEBI:29105 P38806 P38811 P39995 P43572 P47128 P53201 P53911 P53930 P60010 P80428 Q06337 Q08649 Q12432
SPOTS_complex	P25045 P32368 P40970 P53224 Q06144 Q3E790
SLX1-SLX4_structure-specific_endonuclease_complex	CHEBI:60240 P38324 Q12098
Sulfite_reductase_complex_(NADPH)	CHEBI:28599 CHEBI:57692 CHEBI:58210 CHEBI:64607 P39692 P47169
EGO_complex	P38247 P53290 Q00582 Q02205 Q3E830
Slx5-Slx8_SUMO-targeted_ubiquitin_ligase_(STUbL)_complex	P32828 P40072
Mitochondrial_degradosome_complex	P32580 P39112
EAF5-7-3_nucleosome_disassembly/reassembly_complex	P39995 P53911 Q12432
Piccolo_NuA4_histone_acetyltransferase_complex	P38806 P43572 Q08649
Polarisome	P23201 P40091 P41697 P41832 P48566 Q12317
ERMES_complex	P18409 P39722 P41800 P53083 Q92328
Mitochondrial_pyruvate_dehydrogenase_complex	CHEBI:16238 CHEBI:58937 P09624 P12695 P16387 P16451 P32473
Mitotic_checkpoint_complex,_MAD1-MAD2-BUB1-BUB3_subcomplex	P26449 P40957 P40958 P41695
FACT_complex	P32558 Q04636
Core_mediator_complex	P19263 P19659 P25046 P32259 P32569 P32570 P32585 P33308 P34162 P38304 P38633 P38782 P40356 P47822 P53114 Q06213 Q08278 Q12124 Q12321 Q12343 Q99278
SEA_complex	P38164 P38742 P39923 P47170 P53011 Q03897 Q04491 Q08281
GSE_complex	P34078 P38247 P53290 Q00582 Q02205
SCF-Cdc4_ubiquitin_ligase_complex	P07834 P14682 P52286 Q08273 Q12018
SUMO_activating_enzyme_complex	P52488 Q06624
SCF-Grr1_ubiquitin_ligase_complex	P14682 P24814 P52286 Q08273 Q12018
SCF-Mdm30_ubiquitin_ligase_complex	P14682 P52286 Q05930 Q08273 Q12018
SCF-Ufo1_ubiquitin_ligase_complex	P14682 P52286 Q04511 Q08273 Q12018
SCF-Das1_ubiquitin_ligase_complex	P14682 P47005 P52286 Q08273 Q12018
Asi_ubiquitin_ligase_complex	P53895 P53983 P54074
SCF-MET30_E3_ubiquitin_ligase_complex	P14682 P39014 P52286 Q08273 Q12018
SCF-Dia2_ubiquitin_ligase_complex	P14682 P52286 Q08273 Q08496 Q12018
SCF-Ylr352w_ubiquitin_ligase_complex	P14682 P52286 Q06479 Q08273 Q12018
SCF-Saf1_ubiquitin_ligase_complex	P14682 P38352 P52286 Q08273 Q12018
SCF-Hrt3_ubiquitin_ligase_complex	P14682 P52286 Q08273 Q12018 Q12347
Ribosome_quality_control_complex	P25694 P33755 P53044 Q04781 Q05468 Q12532
INAC_inner_membrane_assembly_complex	P40576 Q02888
Mitochondrial_proton-transporting_ATP_synthase_complex	P00830 P00854 P00856 P05626 P07251 P09457 P21306 P30902 P38077 P61829 P81449 P81450 P81451 Q06405 Q12165 Q12233 Q12349
Nucleolar_ribonuclease_MRP_complex	P28005 P38208 P38291 P38336 P38786 P40993 P41812 P53218 P53833 Q12530 URS000006F31F_559292
PAN2-PAN3_mRNA_deadenylation_complex	P36102 P53010
FUN30_complex	P31380
Telomerase_holoenzyme_complex	P17214 Q03096 Q06163 URS0000348061_559292
